<?xml version="1.0" encoding="UTF-8"?>
<!DOCTYPE module PUBLIC "-//Google Inc.//DTD Google Web Toolkit 1.7.0//EN" "http://google-web-toolkit.googlecode.com/svn/tags/1.7.0/distro-source/core/src/gwt-module.dtd">
<!-- 
The Imogene common module declaration
@author Medes-IMPS 
-->
<module rename-to="imogbase"> 
  <!-- Inherit the core Web Toolkit stuff.-->  
  <inherits name="com.google.gwt.user.User"/>   
  <inherits name="com.google.gwt.i18n.I18N"/>
  <inherits name="org.imogene.gwt.widgets.ImogWidgets"/>
  <inherits name="org.imogene.notif.web.gwt.ImogNotif"/>
  
  <!-- Inherits external modules     -->
  <inherits name="org.zenika.widget.DatePickerModule"/>
  <inherits name='com.allen_sauer.gwt.voices.gwt-voices'/>
  <inherits name="gwtupload.GWTUpload"/>
  
  <!-- available locale -->
  <extend-property values="en" name="locale"/>
  <extend-property values="fr" name="locale"/>
  <set-property name="locale" value="fr,en"/>  
  
    <!-- for tests
  <extend-property name="locale" values="en"/>
  <set-property name="locale" value="en"/>
  <set-property name="user.agent" value="gecko1_8" />
  --> 
  <set-property name="user.agent" value="%navigators%"/>
  
  <!-- Module style sheet -->
  <stylesheet src="ImogCommon.css"/>
  <stylesheet src="Upload.css"/>
  
  <!-- Module sources -->
  <source path="client"/>
  <source path="common"/>
  <source path="remote"/> 
  <source path="test"/>
</module>