<?xml version="1.0" encoding="UTF-8"?>

<beans:beans xmlns="http://www.springframework.org/schema/security"
	xmlns:beans="http://www.springframework.org/schema/beans" xmlns:xsi="http://www.w3.org/2001/XMLSchema-instance"
	xsi:schemaLocation="http://www.springframework.org/schema/beans http://www.springframework.org/schema/beans/spring-beans-3.0.xsd
                        http://www.springframework.org/schema/security http://www.springframework.org/schema/security/spring-security-3.0.3.xsd">

	<global-method-security pre-post-annotations="enabled" />
	
	<http use-expressions="true">
		<!-- URLs used by the login page, no access control-->
		<intercept-url pattern="/jsp/Login.jsp" access="permitAll" />
		<intercept-url pattern="/jsp/WrongLogin.jsp" access="permitAll" />
		<intercept-url pattern="/imogbase/ImogCommon.css" access="permitAll" />
		<intercept-url pattern="/imogbase/images/logo_16x16.png" access="permitAll" />
		<intercept-url pattern="/imogbase/images/logo_web.png" access="permitAll" />
		<intercept-url pattern="/imogbase/images/logo_admin.png" access="permitAll" />
		<intercept-url pattern="/imogbase/images/hborder.png" access="permitAll" />
		<!-- all other URLs, access control -->
		<intercept-url pattern="/**" access="isAuthenticated()" />
		
		<form-login login-page="/jsp/Login.jsp"
			authentication-success-handler-ref="localeAuthenticationHandler"
			authentication-failure-url="/jsp/WrongLogin.jsp"/>
		
		<logout invalidate-session="true" logout-success-url="/" logout-url="/logout"/>
	</http>
	
	<beans:bean name="localeAuthenticationHandler" class="org.imogene.web.server.security.SecurityLocaleHandler"/>

	<authentication-manager>
		<authentication-provider user-service-ref="imogSecurityDetailService" />
	</authentication-manager>

</beans:beans>